{
  "employee": [
    {
      "DistributorName": "Ricky Ponting",
      "ContactPerson": "Santhosh",
      "ContactEmail": "anu@gmail.com",
      "ContactNumber": "+91-9889889889",
      "AddressLine1": "JP-Nagar",
      "AddressLine2": "5th Phase",
      "DistributorGSTN": "8989898",
      "City": "Bangalore",
      "State": "Karnataka",
      "Country": "India",
      "Pincode": "560023",
      "Status": "active"
    },
    {
      "DistributorName": "Robert",
      "ContactPerson": "Santhosh",
      "ContactEmail": "anu@gmail.com",
      "ContactNumber": "+91-9889889889",
      "AddressLine1": "JP-Nagar",
      "AddressLine2": "5th Phase",
      "DistributorGSTN": "8989898",
      "City": "Bangalore",
      "State": "Karnataka",
      "Country": "India",
      "Pincode": "560023",
      "Status": "active"
    },
    {
      "DistributorName": "Kane Williamson",
      "ContactPerson": "Santhosh",
      "ContactEmail": "anu@gmail.com",
      "ContactNumber": "+91-9889889889",
      "AddressLine1": "JP-Nagar",
      "AddressLine2": "5th Phase",
      "DistributorGSTN": "8989898",
      "City": "Bangalore",
      "State": "Karnataka",
      "Country": "India",
      "Pincode": "560023",
      "Status": "active"
    },
    {
      "DistributorName": "vikram",
      "ContactPerson": "Santhosh",
      "ContactEmail": "anu@gmail.com",
      "ContactNumber": "+91-9889889889",
      "AddressLine1": "JP-Nagar",
      "AddressLine2": "5th Phase",
      "DistributorGSTN": "8989898",
      "City": "Bangalore",
      "State": "Karnataka",
      "Country": "India",
      "Pincode": "560023",
      "Status": "active"
    },
    {
      "DistributorName": "Anushavishal",
      "ContactPerson": "Anusha",
      "ContactEmail": "anushaaacharya3296@gmail.com",
      "ContactNumber": "08494850127",
      "AddressLine1": "Jp Nagar",
      "AddressLine2": "Maruthi Nagar",
      "DistributorGSTN": "23242342342",
      "City": "Bangalore",
      "State": "Karnataka",
      "Country": "India",
      "Pincode": "560078",
      "Status": "inactive"
    }
  ]
}